"ID","Sex_R","BirthYear","Age","AgeClass","SampleYear","Strongyles","RTL","qPCRPlate","qPCRRow","Survival"
7204,"Males",2009,0,"Lambs",2009,100,2.09065189995872,1,"B",0
7233,"Males",2009,0,"Lambs",2009,1400,1.9737662357832,1,"F",1
6633,"Males",2007,0,"Lambs",2007,300,1.61104184121857,1,"A",1
8756,"Females",2012,0,"Lambs",2012,200,2.15165867498731,1,"E",1
4668,"Males",2001,0,"Lambs",2001,300,1.8824347053486,1,"G",0
7220,"Females",2009,0,"Lambs",2009,100,2.11209397304893,1,"H",0
7165,"Males",2009,0,"Lambs",2009,400,1.84739647410587,1,"A",0
7242,"Males",2009,0,"Lambs",2009,0,1.41366510100758,1,"B",0
6732,"Females",2007,0,"Lambs",2007,400,1.45058006285055,1,"C",0
4622,"Males",2001,0,"Lambs",2001,400,1.42467865380065,1,"G",0
7327,"Males",2009,0,"Lambs",2009,800,2.09733482061286,1,"B",0
4609,"Males",2001,0,"Lambs",2001,1300,1.58526283671774,1,"G",0
7206,"Females",2009,0,"Lambs",2009,600,1.59085771785796,1,"H",1
6613,"Males",2007,0,"Lambs",2007,200,1.79505358637036,2,"E",0
6722,"Males",2007,0,"Lambs",2007,200,1.93269209773224,2,"B",1
7307,"Males",2009,0,"Lambs",2009,1600,1.91125080289709,2,"C",0
8722,"Males",2012,0,"Lambs",2012,0,1.8614366313017,93,"E",0
6651,"Females",2007,0,"Lambs",2007,100,1.74013309451742,2,"C",0
4645,"Males",2001,0,"Lambs",2001,900,1.76287265815869,2,"H",0
6689,"Males",2007,0,"Lambs",2007,0,2.02877054094079,2,"B",1
6587,"Females",2007,0,"Lambs",2007,100,1.7229118922699,93,"H",0
6615,"Females",2007,0,"Lambs",2007,100,2.21767540012869,3,"G",1
7236,"Males",2009,0,"Lambs",2009,900,2.2043642919021,3,"H",0
7256,"Males",2009,0,"Lambs",2009,200,1.83790167107694,3,"F",1
7121,"Females",2009,0,"Lambs",2009,300,1.93116025627507,3,"H",0
7332,"Males",2009,0,"Lambs",2009,1200,1.58012723662612,3,"E",0
6703,"Males",2007,0,"Lambs",2007,1000,1.67423052188309,3,"G",0
4626,"Males",2001,0,"Lambs",2001,1000,1.73222731025646,3,"C",0
6586,"Males",2007,0,"Lambs",2007,1200,1.47331817505307,3,"G",0
7260,"Males",2009,0,"Lambs",2009,1000,1.50358381341843,3,"F",1
7254,"Males",2009,0,"Lambs",2009,1000,1.84177993966636,3,"G",0
4682,"Males",2001,0,"Lambs",2001,1700,1.96959160146213,4,"C",0
7194,"Females",2009,0,"Lambs",2009,200,1.75640104496029,4,"E",1
6678,"Females",2007,0,"Lambs",2007,200,1.58493559950853,93,"H",1
8733,"Males",2012,0,"Lambs",2012,200,1.58222443301603,4,"C",1
6625,"Females",2007,0,"Lambs",2007,200,1.66612308494553,4,"D",1
8782,"Males",2012,0,"Lambs",2012,200,1.37227726619332,4,"G",1
6567,"Males",2007,0,"Lambs",2007,600,1.46413077464183,5,"C",1
4672,"Males",2001,0,"Lambs",2001,600,2.12295329690494,5,"E",0
7239,"Males",2009,0,"Lambs",2009,1300,1.90214768320178,5,"B",0
8798,"Females",2012,0,"Lambs",2012,100,1.71956359461851,5,"F",1
4563,"Females",2001,0,"Lambs",2001,3200,1.8184120604749,5,"H",0
8724,"Males",2012,0,"Lambs",2012,200,2.10583187532763,94,"C",1
4604,"Females",2001,0,"Lambs",2001,1600,1.28633709593848,5,"C",0
4659,"Males",2001,0,"Lambs",2001,2900,1.86208403967703,5,"E",0
7117,"Males",2009,0,"Lambs",2009,700,1.35387519008518,6,"B",0
4595,"Females",2001,0,"Lambs",2001,400,1.7091898746636,6,"D",0
7245,"Females",2009,0,"Lambs",2009,800,1.91450992596114,6,"B",1
4644,"Males",2001,0,"Lambs",2001,1800,1.50194482596479,6,"C",0
4661,"Males",2001,0,"Lambs",2001,1200,1.47238636259196,6,"G",0
7328,"Males",2009,0,"Lambs",2009,0,1.51331407063684,6,"D",0
4568,"Males",2001,0,"Lambs",2001,800,1.50856298002795,6,"E",0
7178,"Males",2009,0,"Lambs",2009,2300,1.9171581319589,6,"B",0
6588,"Females",2007,0,"Lambs",2007,200,2.37887961542256,6,"B",1
7203,"Females",2009,0,"Lambs",2009,100,1.93771184580091,6,"D",0
8812,"Females",2012,0,"Lambs",2012,200,2.05036818603766,94,"H",1
7134,"Males",2009,0,"Lambs",2009,1500,1.50481128590919,7,"C",1
6694,"Males",2007,0,"Lambs",2007,100,1.894007923541,7,"F",1
7195,"Males",2009,0,"Lambs",2009,600,1.80109588996514,8,"B",0
7213,"Females",2009,0,"Lambs",2009,100,1.6345475565309,94,"E",1
6770,"Females",2007,0,"Lambs",2007,1500,1.84853514754369,8,"D",1
4650,"Males",2001,0,"Lambs",2001,1700,1.39678389645434,8,"D",0
7252,"Females",2009,0,"Lambs",2009,600,1.55467517384153,8,"F",1
7240,"Males",2009,0,"Lambs",2009,50,1.81892776630629,94,"H",0
7241,"Females",2009,0,"Lambs",2009,300,1.92689979394296,8,"B",1
7235,"Females",2009,0,"Lambs",2009,200,2.01827971387277,8,"F",0
6695,"Females",2007,0,"Lambs",2007,700,1.93448220968954,8,"B",1
7142,"Females",2009,0,"Lambs",2009,300,1.67617125693414,8,"H",1
6711,"Males",2007,0,"Lambs",2007,500,1.89809937678142,8,"B",0
8811,"Females",2012,0,"Lambs",2012,300,2.0441087104974,8,"E",1
7199,"Males",2009,0,"Lambs",2009,200,2.06841991859786,8,"F",1
7200,"Males",2009,0,"Lambs",2009,400,1.75391701932799,8,"G",0
8710,"Males",2012,0,"Lambs",2012,300,1.87086432238787,9,"A",1
6731,"Males",2007,0,"Lambs",2007,500,1.77033204814253,9,"C",0
7154,"Males",2009,0,"Lambs",2009,1600,2.02249836101547,9,"F",0
4611,"Females",2001,0,"Lambs",2001,500,1.67430381399248,9,"H",0
4584,"Females",2001,0,"Lambs",2001,100,1.64836262062795,9,"D",0
4605,"Females",2001,0,"Lambs",2001,200,1.53724612158687,9,"H",0
8751,"Females",2012,0,"Lambs",2012,0,1.73802418468255,9,"C",1
4678,"Males",2001,0,"Lambs",2001,2700,2.11456633300379,94,"G",0
7186,"Females",2009,0,"Lambs",2009,700,2.21484230367094,10,"D",0
6687,"Males",2007,0,"Lambs",2007,1200,1.77602724119202,10,"F",0
7216,"Males",2009,0,"Lambs",2009,900,1.86853856699018,10,"B",1
7120,"Females",2009,0,"Lambs",2009,0,1.74792235211941,10,"C",0
4658,"Females",2001,0,"Lambs",2001,600,1.57284465011414,10,"E",0
6645,"Males",2007,0,"Lambs",2007,100,1.42417164462368,10,"F",0
4607,"Females",2001,0,"Lambs",2001,400,1.95345154018388,10,"C",0
6718,"Females",2007,0,"Lambs",2007,100,1.94584397972978,10,"D",1
4588,"Females",2001,0,"Lambs",2001,600,1.68302518074804,10,"E",0
6705,"Males",2007,0,"Lambs",2007,1100,1.5240503548863,10,"C",0
6682,"Females",2007,0,"Lambs",2007,700,1.75338576970744,10,"F",1
6564,"Males",2007,0,"Lambs",2007,1600,2.02422948724847,94,"H",0
6655,"Females",2007,0,"Lambs",2007,200,2.41196487717791,10,"B",0
5265,"Males",2001,0,"Lambs",2001,100,1.85519854844696,10,"G",0
6674,"Females",2007,0,"Lambs",2007,200,1.8893958229277,11,"F",1
6630,"Males",2007,0,"Lambs",2007,100,1.70431150092342,11,"E",0
4632,"Females",2001,0,"Lambs",2001,0,2.41942077390879,94,"D",0
6611,"Females",2007,0,"Lambs",2007,500,1.81289556723128,11,"C",0
7140,"Females",2009,0,"Lambs",2009,400,2.01813076382528,11,"E",1
6683,"Females",2007,0,"Lambs",2007,200,1.81868791241785,11,"G",1
4597,"Females",2001,0,"Lambs",2001,1800,1.63506952171967,12,"E",0
6663,"Females",2007,0,"Lambs",2007,400,1.72622114703661,12,"F",1
4655,"Males",2001,0,"Lambs",2001,200,2.0115195329608,12,"G",0
4619,"Females",2001,0,"Lambs",2001,1500,2.11720883439239,95,"B",0
6624,"Females",2007,0,"Lambs",2007,300,1.78020048882642,12,"E",0
6725,"Females",2007,0,"Lambs",2007,300,1.71154017351445,95,"E",1
7198,"Females",2009,0,"Lambs",2009,900,1.69247758223144,12,"D",1
4664,"Males",2001,0,"Lambs",2001,500,1.92416133262735,95,"F",0
4642,"Females",2001,0,"Lambs",2001,900,2.93496773508279,96,"A",0
8800,"Females",2012,0,"Lambs",2012,400,1.95578280010063,95,"A",1
7209,"Males",2009,0,"Lambs",2009,800,1.79008411210953,12,"F",1
4646,"Females",2001,0,"Lambs",2001,100,1.98030971207783,12,"F",0
4648,"Females",2001,0,"Lambs",2001,3100,1.88927589756518,13,"H",0
4649,"Females",2001,0,"Lambs",2001,2000,1.85018702805024,13,"E",0
4675,"Females",2001,0,"Lambs",2001,500,1.57338337147944,95,"F",0
6762,"Females",2007,0,"Lambs",2007,300,1.47511730458443,13,"C",0
6591,"Males",2007,0,"Lambs",2007,100,1.65204512459772,13,"G",1
7158,"Males",2009,0,"Lambs",2009,100,2.01693597379553,13,"H",1
6776,"Females",2007,0,"Lambs",2007,400,2.15575841225175,13,"E",1
7169,"Males",2009,0,"Lambs",2009,600,1.71357516911481,14,"B",0
4643,"Males",2001,0,"Lambs",2001,2800,1.95082489649468,14,"H",0
4620,"Males",2001,0,"Lambs",2001,1300,1.60261505245505,14,"D",0
6706,"Males",2007,0,"Lambs",2007,400,1.63762817092584,95,"C",1
7159,"Females",2009,0,"Lambs",2009,0,1.86218399036069,14,"B",1
6713,"Females",2007,0,"Lambs",2007,100,1.80732008721318,14,"B",1
4679,"Females",2001,0,"Lambs",2001,0,1.61456479616558,14,"H",0
4662,"Males",2001,0,"Lambs",2001,5200,1.72687453505423,14,"D",0
7176,"Females",2009,0,"Lambs",2009,200,1.88580358026015,95,"G",0
6574,"Males",2007,0,"Lambs",2007,400,2.03929703289823,15,"D",0
4596,"Males",2001,0,"Lambs",2001,600,2.06935377821707,15,"E",0
7107,"Males",2009,0,"Lambs",2009,1600,1.6861287508691,95,"H",1
6628,"Females",2007,0,"Lambs",2007,600,1.97912377325401,15,"B",0
6693,"Males",2007,0,"Lambs",2007,400,1.52213570568732,15,"C",1
6777,"Females",2007,0,"Lambs",2007,100,1.97885145371574,95,"E",1
8783,"Females",2012,0,"Lambs",2012,200,1.99362341524049,95,"F",1
6605,"Females",2007,0,"Lambs",2007,400,1.5259327089119,15,"H",1
4615,"Females",2001,0,"Lambs",2001,0,2.13870585647139,95,"G",0
6769,"Females",2007,0,"Lambs",2007,600,1.9003558115359,16,"B",0
6724,"Females",2007,0,"Lambs",2007,700,1.98674801888083,16,"C",1
4663,"Males",2001,0,"Lambs",2001,4200,2.1428027936461,16,"D",0
7234,"Females",2009,0,"Lambs",2009,400,2.00119704358897,16,"D",0
6666,"Females",2007,0,"Lambs",2007,100,1.92071325029746,16,"G",1
4590,"Females",2001,0,"Lambs",2001,500,1.80666802467459,95,"B",0
4578,"Males",2001,0,"Lambs",2001,600,1.6969591403102,16,"E",0
4673,"Females",2001,0,"Lambs",2001,1000,1.97107850281211,16,"D",0
7221,"Males",2009,0,"Lambs",2009,200,1.71646910792074,95,"F",0
7267,"Females",2009,0,"Lambs",2009,100,2.042022653596,16,"E",1
7113,"Females",2009,0,"Lambs",2009,1000,1.80864229827905,17,"A",0
6672,"Females",2007,0,"Lambs",2007,100,1.57191132180526,17,"C",0
4598,"Females",2001,0,"Lambs",2001,200,1.54082849396373,17,"F",1
4617,"Females",2001,0,"Lambs",2001,500,1.70144492136361,17,"G",0
7174,"Males",2009,0,"Lambs",2009,400,1.74238514121717,17,"A",1
6646,"Females",2007,0,"Lambs",2007,300,1.62024702483477,17,"G",1
6673,"Males",2007,0,"Lambs",2007,1800,1.89254826121045,18,"G",0
6644,"Females",2007,0,"Lambs",2007,100,1.76785912040012,18,"B",1
6708,"Females",2007,0,"Lambs",2007,700,1.59378461004598,18,"F",0
7230,"Females",2009,0,"Lambs",2009,200,1.64136128633313,18,"C",1
4665,"Males",2001,0,"Lambs",2001,800,1.54865202939839,18,"F",0
6599,"Males",2007,0,"Lambs",2007,700,2.29848230810483,18,"D",1
7189,"Males",2009,0,"Lambs",2009,300,1.59406169087768,18,"F",0
4610,"Females",2001,0,"Lambs",2001,700,1.49178589824828,18,"H",0
4569,"Males",2001,0,"Lambs",2001,1900,1.48192941435243,18,"F",0
4594,"Males",2001,0,"Lambs",2001,1200,1.72465605146602,19,"C",0
7246,"Females",2009,0,"Lambs",2009,200,1.87914112240048,19,"E",0
6679,"Females",2007,0,"Lambs",2007,200,1.69965449016861,19,"F",1
7329,"Females",2009,0,"Lambs",2009,50,1.78407415530743,19,"H",0
4667,"Females",2001,0,"Lambs",2001,1000,1.75511668817314,19,"D",0
6714,"Females",2007,0,"Lambs",2007,400,1.39541669625695,19,"E",0
7152,"Males",2009,0,"Lambs",2009,1100,2.1976244188592,19,"H",0
8780,"Females",2012,0,"Lambs",2012,0,1.80303733509475,19,"D",1
4647,"Females",2001,0,"Lambs",2001,1500,1.96318379994391,19,"H",0
4592,"Females",2001,0,"Lambs",2001,300,1.92538534558466,19,"B",0
6583,"Females",2007,0,"Lambs",2007,300,1.58269086895205,19,"F",1
6659,"Females",2007,0,"Lambs",2007,0,1.66674687058286,19,"G",0
4651,"Females",2001,0,"Lambs",2001,2000,2.39500178554373,19,"B",0
7163,"Females",2009,0,"Lambs",2009,100,2.16716803931873,19,"D",1
4589,"Females",2001,0,"Lambs",2001,1300,2.00750475324113,20,"B",0
4636,"Females",2001,0,"Lambs",2001,800,1.96756067780468,20,"B",1
6585,"Females",2007,0,"Lambs",2007,800,1.66627999926139,20,"G",1
8730,"Females",2012,0,"Lambs",2012,0,1.67917460686246,20,"C",1
6715,"Females",2007,0,"Lambs",2007,200,2.08241641253268,20,"B",1
6616,"Males",2007,0,"Lambs",2007,100,1.63939680064492,20,"G",1
4602,"Females",2001,0,"Lambs",2001,200,1.9302839507947,20,"E",0
8794,"Females",2012,0,"Lambs",2012,50,1.71688152725635,20,"F",1
6716,"Males",2007,0,"Lambs",2007,100,2.04949370589725,81,"A",1
6652,"Males",2007,0,"Lambs",2007,200,1.75999636247293,81,"B",0
6035,"Males",2004,0,"Lambs",2004,1600,2.20223198760592,21,"F",0
6947,"Females",2008,0,"Lambs",2008,800,1.73642266948906,21,"A",0
6858,"Females",2008,0,"Lambs",2008,100,2.01496738871329,21,"B",0
4471,"Males",2000,0,"Lambs",2000,600,1.84854465768538,21,"H",1
6114,"Males",2005,0,"Lambs",2005,700,1.49650047319561,21,"F",1
6165,"Females",2005,0,"Lambs",2005,0,1.65825102935945,21,"G",0
4463,"Males",2000,0,"Lambs",2000,300,2.21609613817004,21,"C",1
5901,"Males",2004,0,"Lambs",2004,200,2.40755637712449,95,"B",0
6876,"Females",2008,0,"Lambs",2008,0,2.05643345991817,22,"H",0
5874,"Males",2004,0,"Lambs",2004,400,2.03900711214426,22,"C",0
4454,"Females",2000,0,"Lambs",2000,100,1.89404525108011,22,"F",1
4459,"Females",2000,0,"Lambs",2000,200,1.59940069434155,22,"G",1
6950,"Females",2008,0,"Lambs",2008,300,1.61741873361169,22,"H",0
6897,"Females",2008,0,"Lambs",2008,300,1.98838738799258,22,"C",0
6872,"Males",2008,0,"Lambs",2008,600,2.1291976947426,23,"B",0
5820,"Females",2004,0,"Lambs",2004,3800,2.31135928650749,23,"D",0
5990,"Males",2004,0,"Lambs",2004,1500,2.23908725950314,23,"F",0
6155,"Females",2005,0,"Lambs",2005,300,1.59148667161081,23,"B",1
4518,"Females",2000,0,"Lambs",2000,400,1.64300530552181,23,"C",1
4510,"Females",2000,0,"Lambs",2000,400,2.22006297757173,23,"A",1
6857,"Females",2008,0,"Lambs",2008,600,2.43409514254486,23,"D",1
4353,"Males",2000,0,"Lambs",2000,400,2.021713831601,23,"E",1
5919,"Males",2004,0,"Lambs",2004,200,2.09372507188137,23,"D",0
5992,"Females",2004,0,"Lambs",2004,400,2.02892770100439,23,"F",0
6855,"Females",2008,0,"Lambs",2008,1000,2.14607972418042,23,"A",0
7088,"Females",2008,0,"Lambs",2008,800,1.9384446201935,23,"C",0
4519,"Males",2000,0,"Lambs",2000,2100,2.44037817250297,23,"D",0
6032,"Females",2004,0,"Lambs",2004,1000,1.94307129076763,24,"G",0
6884,"Males",2008,0,"Lambs",2008,1100,1.93790896689237,24,"D",1
6898,"Males",2008,0,"Lambs",2008,200,2.14823595531643,24,"H",1
9012,"Males",2013,0,"Lambs",2013,600,1.90791990677894,24,"G",1
6845,"Males",2008,0,"Lambs",2008,50,2.02415206040792,24,"A",0
6944,"Males",2008,0,"Lambs",2008,500,2.13944361421886,24,"H",1
5895,"Females",2004,0,"Lambs",2004,100,1.94252304649282,24,"D",0
5815,"Females",2004,0,"Lambs",2004,1000,1.90527431992035,24,"E",0
9211,"Females",2013,0,"Lambs",2013,900,2.6343658889677,24,"D",1
6197,"Females",2005,0,"Lambs",2005,400,1.84615493227463,25,"D",0
6902,"Males",2008,0,"Lambs",2008,600,1.60928670600556,25,"A",0
5734,"Males",2004,0,"Lambs",2004,1800,2.31935466844261,25,"F",0
6103,"Females",2005,0,"Lambs",2005,800,2.2620524245716,25,"B",0
4507,"Males",2000,0,"Lambs",2000,600,2.00945857564929,25,"C",1
5890,"Males",2004,0,"Lambs",2004,600,2.29663662440982,26,"B",0
6202,"Males",2005,0,"Lambs",2005,1000,2.03959545054478,26,"F",1
5898,"Males",2004,0,"Lambs",2004,2600,1.95420107489532,26,"H",0
6152,"Males",2005,0,"Lambs",2005,800,1.69748073413319,26,"A",0
5752,"Females",2004,0,"Lambs",2004,800,1.67437818195444,26,"F",0
5797,"Females",2004,0,"Lambs",2004,1400,1.81071074433351,26,"G",0
6957,"Males",2008,0,"Lambs",2008,400,1.78382433519768,26,"H",1
6125,"Females",2005,0,"Lambs",2005,2400,1.90771727524743,26,"E",1
5981,"Females",2004,0,"Lambs",2004,4800,2.1652778708036,26,"A",0
6826,"Males",2008,0,"Lambs",2008,100,1.92083687463026,26,"G",0
5731,"Males",2004,0,"Lambs",2004,600,2.08589850685681,27,"B",0
4506,"Females",2000,0,"Lambs",2000,400,1.99158349091678,27,"F",0
4375,"Males",2000,0,"Lambs",2000,500,1.92725999470733,27,"D",1
5925,"Females",2004,0,"Lambs",2004,1000,1.89065326188144,27,"F",0
6304,"Females",2005,0,"Lambs",2005,200,2.22970071416471,27,"B",1
5741,"Females",2004,0,"Lambs",2004,400,1.64537995876083,27,"E",1
5834,"Males",2004,0,"Lambs",2004,800,2.09577008888181,27,"G",0
4504,"Females",2000,0,"Lambs",2000,1600,2.17896022282744,28,"A",1
5907,"Females",2004,0,"Lambs",2004,800,2.09992901073369,28,"F",0
5801,"Males",2004,0,"Lambs",2004,600,1.80620989070852,28,"B",0
6955,"Males",2008,0,"Lambs",2008,300,1.59407008992324,28,"A",0
6919,"Males",2008,0,"Lambs",2008,50,2.19431597964404,28,"B",0
5732,"Males",2004,0,"Lambs",2004,1000,1.99596849810071,29,"B",0
6875,"Females",2008,0,"Lambs",2008,300,1.76397080625699,29,"A",0
5993,"Females",2004,0,"Lambs",2004,400,1.81056593777207,29,"F",0
4515,"Males",2000,0,"Lambs",2000,1200,1.92123668923767,29,"G",1
4444,"Females",2000,0,"Lambs",2000,200,2.02213352878361,29,"H",0
5904,"Females",2004,0,"Lambs",2004,100,1.99306794217575,29,"H",0
6886,"Males",2008,0,"Lambs",2008,400,1.85779025780766,29,"E",1
5930,"Females",2004,0,"Lambs",2004,900,1.91308761264067,29,"G",0
5988,"Males",2004,0,"Lambs",2004,1700,1.8287286349686,29,"D",0
6931,"Females",2008,0,"Lambs",2008,200,2.13278313059193,29,"E",0
5840,"Males",2004,0,"Lambs",2004,1200,2.10545985166496,29,"D",0
6163,"Males",2005,0,"Lambs",2005,1400,1.72075220250604,29,"G",0
4366,"Females",2000,0,"Lambs",2000,100,2.50244698969259,30,"A",1
4418,"Males",2000,0,"Lambs",2000,700,2.00154722121544,30,"C",1
9023,"Females",2013,0,"Lambs",2013,300,2.23919332370599,30,"G",1
5900,"Females",2004,0,"Lambs",2004,900,2.12518953841801,30,"H",0
6090,"Females",2005,0,"Lambs",2005,200,1.64001813619421,30,"B",0
6980,"Males",2008,0,"Lambs",2008,300,1.62224511604599,30,"G",0
4337,"Males",2000,0,"Lambs",2000,200,2.08615368080724,30,"C",1
5833,"Females",2004,0,"Lambs",2004,600,2.0761679233044,30,"E",0
5921,"Males",2004,0,"Lambs",2004,300,2.14710340862813,30,"G",0
6174,"Females",2005,0,"Lambs",2005,700,1.80738213160897,30,"F",1
6869,"Males",2008,0,"Lambs",2008,100,2.0472108827141,31,"G",1
6939,"Females",2008,0,"Lambs",2008,1200,1.94731387559472,31,"C",1
4395,"Females",2000,0,"Lambs",2000,200,2.16292433943503,31,"A",1
5778,"Females",2004,0,"Lambs",2004,800,1.87296866871839,31,"C",0
6020,"Females",2004,0,"Lambs",2004,400,2.20382138485687,31,"D",0
9126,"Males",2013,0,"Lambs",2013,400,2.06567892807854,31,"B",1
5974,"Males",2004,0,"Lambs",2004,900,2.13724402268995,31,"C",0
5922,"Males",2004,0,"Lambs",2004,1000,2.53160168763929,31,"A",0
5804,"Females",2004,0,"Lambs",2004,200,2.12014103897224,32,"F",0
5886,"Females",2004,0,"Lambs",2004,400,2.00212326338761,32,"H",0
6002,"Males",2004,0,"Lambs",2004,1200,2.1958986703158,32,"B",0
5931,"Males",2004,0,"Lambs",2004,500,2.07449317555653,32,"F",0
5914,"Females",2004,0,"Lambs",2004,900,1.76801456256281,32,"H",0
7061,"Males",2008,0,"Lambs",2008,600,1.74560083670864,32,"A",0
6948,"Females",2008,0,"Lambs",2008,100,1.80357836657698,32,"C",1
5728,"Females",2004,0,"Lambs",2004,800,1.57817683998978,32,"G",0
5932,"Males",2004,0,"Lambs",2004,600,2.14185639487968,32,"A",0
6124,"Females",2005,0,"Lambs",2005,300,2.42202395486108,32,"D",1
6171,"Females",2005,0,"Lambs",2005,400,1.60880238138091,32,"G",1
5973,"Males",2004,0,"Lambs",2004,1500,2.55677179696008,33,"A",0
4514,"Males",2000,0,"Lambs",2000,1000,2.10159825169623,33,"B",0
6200,"Females",2005,0,"Lambs",2005,1200,1.70077660829342,33,"E",0
5976,"Females",2004,0,"Lambs",2004,1200,2.13639805502056,33,"G",0
6910,"Females",2008,0,"Lambs",2008,800,2.0071125058819,33,"A",1
4505,"Males",2000,0,"Lambs",2000,500,1.53871539674839,33,"B",1
6972,"Females",2008,0,"Lambs",2008,200,1.96944584288374,33,"H",1
4447,"Males",2000,0,"Lambs",2000,300,2.14337397461217,33,"B",1
5849,"Males",2004,0,"Lambs",2004,1600,1.9871018854324,33,"D",0
6117,"Females",2005,0,"Lambs",2005,800,1.58620597655437,33,"F",0
6924,"Males",2008,0,"Lambs",2008,1200,1.63521334020339,33,"G",0
6151,"Females",2005,0,"Lambs",2005,600,1.78481283525417,33,"C",1
6839,"Males",2008,0,"Lambs",2008,1600,1.97389326873306,33,"D",0
6150,"Females",2005,0,"Lambs",2005,900,1.72011588023092,33,"H",1
6016,"Females",2004,0,"Lambs",2004,1000,1.81611564037584,34,"C",0
5927,"Females",2004,0,"Lambs",2004,800,2.11083785661672,34,"H",0
5906,"Males",2004,0,"Lambs",2004,1200,2.24016299711926,34,"A",0
4419,"Males",2000,0,"Lambs",2000,200,2.01054289249678,34,"C",1
5749,"Females",2004,0,"Lambs",2004,400,2.19393720089677,34,"E",0
6201,"Males",2005,0,"Lambs",2005,2100,1.15760909395102,34,"G",0
6956,"Females",2008,0,"Lambs",2008,200,1.74702241468348,34,"C",0
9036,"Females",2013,0,"Lambs",2013,200,1.71077772518074,34,"H",1
5813,"Females",2004,0,"Lambs",2004,900,1.75771202351131,34,"G",0
6175,"Males",2005,0,"Lambs",2005,1700,2.15432520066166,35,"A",0
5977,"Females",2004,0,"Lambs",2004,700,1.72951849785895,35,"F",0
4472,"Females",2000,0,"Lambs",2000,400,2.26714680426748,35,"G",1
6084,"Females",2005,0,"Lambs",2005,700,1.75679494530148,35,"B",1
6113,"Females",2005,0,"Lambs",2005,1300,1.7180850045794,35,"F",0
6966,"Males",2008,0,"Lambs",2008,300,1.88557851664017,35,"H",0
9074,"Females",2013,0,"Lambs",2013,500,1.97401078515779,35,"B",1
6172,"Females",2005,0,"Lambs",2005,2100,1.61633645120458,35,"E",1
6936,"Males",2008,0,"Lambs",2008,2100,1.87052458815536,35,"G",1
6890,"Females",2008,0,"Lambs",2008,400,2.14594230893594,35,"A",0
4446,"Males",2000,0,"Lambs",2000,200,1.84025429351766,35,"G",1
5816,"Males",2004,0,"Lambs",2004,600,2.19435093972306,35,"C",0
5795,"Males",2004,0,"Lambs",2004,1200,2.06975198271639,35,"D",0
6851,"Females",2008,0,"Lambs",2008,100,1.6030066569666,35,"F",1
5783,"Males",2004,0,"Lambs",2004,2600,2.17019486077976,35,"B",0
4334,"Females",2000,0,"Lambs",2000,300,2.29762768003707,35,"D",1
6903,"Males",2008,0,"Lambs",2008,1800,2.16634671034451,35,"E",0
6184,"Males",2005,0,"Lambs",2005,600,1.58992947853164,36,"H",1
5750,"Females",2004,0,"Lambs",2004,200,1.92911438063993,36,"E",0
9212,"Females",2013,0,"Lambs",2013,400,1.4959023411096,36,"F",1
6915,"Males",2008,0,"Lambs",2008,200,1.76668072718857,36,"F",1
6864,"Females",2008,0,"Lambs",2008,200,1.89837632603218,36,"H",0
4388,"Females",2000,0,"Lambs",2000,800,1.97456855394105,36,"C",0
6085,"Females",2005,0,"Lambs",2005,0,1.56811916867385,36,"E",0
6189,"Females",2005,0,"Lambs",2005,800,1.70055553198697,36,"F",1
7055,"Females",2008,0,"Lambs",2008,0,1.94017567347482,36,"F",1
4406,"Females",2000,0,"Lambs",2000,300,2.02948976071686,37,"B",0
5776,"Males",2004,0,"Lambs",2004,1400,1.8311378232602,37,"E",0
5842,"Females",2004,0,"Lambs",2004,800,1.90924134307078,37,"A",0
5763,"Females",2004,0,"Lambs",2004,300,1.75586079439948,37,"C",0
6039,"Females",2004,0,"Lambs",2004,300,1.90643826691926,37,"F",0
5935,"Females",2004,0,"Lambs",2004,600,2.05736773081096,37,"G",0
4405,"Females",2000,0,"Lambs",2000,200,1.85434406571027,37,"H",0
5772,"Females",2004,0,"Lambs",2004,600,2.08038218410329,37,"A",0
6912,"Males",2008,0,"Lambs",2008,800,1.604666148007,37,"B",0
5780,"Males",2004,0,"Lambs",2004,100,1.34162049068264,37,"F",0
7042,"Males",2008,0,"Lambs",2008,100,1.80291636691577,37,"B",0
4417,"Males",2000,0,"Lambs",2000,500,1.87037058523834,37,"A",1
6029,"Females",2004,0,"Lambs",2004,1800,1.74557192628139,37,"F",0
6892,"Females",2008,0,"Lambs",2008,1100,2.51030582548455,37,"B",1
5899,"Males",2004,0,"Lambs",2004,2000,1.88416130463816,37,"G",0
6095,"Males",2005,0,"Lambs",2005,1500,1.60972619813079,37,"H",0
4469,"Females",2000,0,"Lambs",2000,0,2.34724941909393,38,"A",1
6030,"Males",2004,0,"Lambs",2004,3700,1.85626346874004,38,"D",0
4508,"Males",2000,0,"Lambs",2000,100,1.50028206543999,38,"E",0
6015,"Females",2004,0,"Lambs",2004,600,1.75145784480866,38,"H",0
5853,"Females",2004,0,"Lambs",2004,900,1.91770741523191,38,"E",0
5817,"Females",2004,0,"Lambs",2004,400,2.04485572287482,38,"F",0
4468,"Females",2000,0,"Lambs",2000,300,1.91581985452151,38,"A",1
5768,"Males",2004,0,"Lambs",2004,900,1.8736403924535,38,"C",1
4516,"Males",2000,0,"Lambs",2000,200,2.37068880319966,38,"C",1
5878,"Females",2004,0,"Lambs",2004,2000,2.25963346826907,38,"G",0
6838,"Females",2008,0,"Lambs",2008,1000,1.84018863388662,39,"C",1
5879,"Males",2004,0,"Lambs",2004,1400,2.16719759107923,39,"C",0
5980,"Females",2004,0,"Lambs",2004,1200,2.08490698644555,39,"A",0
4511,"Females",2000,0,"Lambs",2000,400,1.40022535736853,39,"C",0
6191,"Males",2005,0,"Lambs",2005,400,1.88779188103471,39,"D",0
5903,"Females",2004,0,"Lambs",2004,1800,1.85223343422425,39,"E",0
5811,"Males",2004,0,"Lambs",2004,1100,1.61578419084216,39,"E",0
6167,"Males",2005,0,"Lambs",2005,600,1.55450784516959,39,"F",0
7063,"Females",2008,0,"Lambs",2008,300,1.50055352246688,39,"H",1
6825,"Males",2008,0,"Lambs",2008,1000,1.55950481225562,40,"B",0
6941,"Males",2008,0,"Lambs",2008,600,2.30014172987913,40,"A",1
5826,"Females",2004,0,"Lambs",2004,300,1.57417332620423,40,"G",0
4453,"Females",2000,0,"Lambs",2000,500,1.7295677643596,40,"C",1
5998,"Males",2004,0,"Lambs",2004,1000,2.09768954035899,40,"D",0
5758,"Males",2004,0,"Lambs",2004,1800,2.05767409914324,40,"E",1
5844,"Females",2004,0,"Lambs",2004,400,2.38890250750398,40,"E",0
6173,"Females",2005,0,"Lambs",2005,700,1.49608687958701,81,"D",1
6176,"Females",2005,0,"Lambs",2005,200,1.9395893693392,81,"H",1
6131,"Females",2005,0,"Lambs",2005,400,1.57134871699489,81,"C",0
6036,"Males",2004,0,"Lambs",2004,500,2.25592777276843,81,"G",0
5841,"Males",2004,0,"Lambs",2004,1200,1.57508798906723,96,"A",0
7045,"Males",2008,0,"Lambs",2008,200,1.75000699002733,81,"D",1
6990,"Females",2008,0,"Lambs",2008,600,1.58740016961175,81,"A",1
5845,"Males",2004,0,"Lambs",2004,600,1.90714823114399,81,"B",0
7519,"Females",2010,0,"Lambs",2010,800,2.05852224424353,41,"F",0
3940,"Males",1998,0,"Lambs",1998,500,1.96630970928884,41,"B",0
7586,"Males",2010,0,"Lambs",2010,300,1.93060583773801,96,"B",0
4054,"Males",1998,0,"Lambs",1998,300,1.97574764431771,41,"C",0
7575,"Females",2010,0,"Lambs",2010,100,2.08766415480536,41,"E",1
3920,"Females",1998,0,"Lambs",1998,200,2.22806531241586,41,"B",0
7561,"Males",2010,0,"Lambs",2010,600,2.01046156871197,42,"D",0
7485,"Females",2010,0,"Lambs",2010,100,1.98222315865569,42,"E",1
7463,"Males",2010,0,"Lambs",2010,2400,1.63917611817644,42,"F",0
3917,"Males",1998,0,"Lambs",1998,1400,1.7467205697442,42,"F",0
7548,"Females",2010,0,"Lambs",2010,1200,2.25403989485898,43,"E",0
3911,"Males",1998,0,"Lambs",1998,800,1.47370154811225,43,"D",0
7528,"Females",2010,0,"Lambs",2010,300,2.54827383062685,95,"G",0
3999,"Males",1998,0,"Lambs",1998,1000,2.36591571123188,45,"A",0
5112,"Females",2002,0,"Lambs",2002,1000,2.52744986234499,45,"D",1
7692,"Females",2010,0,"Lambs",2010,0,2.28424020662687,45,"G",1
3971,"Males",1998,0,"Lambs",1998,1600,1.72936225232338,45,"C",0
3896,"Males",1998,0,"Lambs",1998,1400,2.3850943409233,45,"E",0
4002,"Males",1998,0,"Lambs",1998,1800,2.08571374694145,45,"D",NA
3933,"Females",1998,0,"Lambs",1998,500,1.66203145094617,45,"H",0
7501,"Females",2010,0,"Lambs",2010,600,2.40634333699103,45,"B",0
7682,"Males",2010,0,"Lambs",2010,400,1.72937437656465,46,"C",0
7709,"Males",2010,0,"Lambs",2010,200,1.98311067991297,46,"C",0
7476,"Females",2010,0,"Lambs",2010,600,2.17667070071188,47,"D",1
7532,"Females",2010,0,"Lambs",2010,400,2.06018957922523,47,"H",0
3898,"Females",1998,0,"Lambs",1998,1000,1.92455812881694,47,"D",0
7718,"Females",2010,0,"Lambs",2010,1200,1.71607481035629,47,"E",0
3972,"Males",1998,0,"Lambs",1998,2600,2.13372643691903,48,"D",0
9800,"Males",2014,0,"Lambs",2014,200,1.7210586679052,48,"F",1
4120,"Females",1998,0,"Lambs",1998,700,1.87932568770268,48,"A",1
3962,"Females",1998,0,"Lambs",1998,600,1.94266243766528,48,"B",0
7582,"Males",2010,0,"Lambs",2010,600,1.74635778796186,48,"D",0
4024,"Females",1998,0,"Lambs",1998,600,1.46033658369841,48,"E",0
3939,"Males",1998,0,"Lambs",1998,1400,2.39944472868724,48,"C",0
3942,"Females",1998,0,"Lambs",1998,200,2.37365198047532,49,"A",0
4041,"Females",1998,0,"Lambs",1998,200,2.20712766563632,49,"B",0
4064,"Females",1998,0,"Lambs",1998,800,2.3654033627764,49,"F",0
3881,"Females",1998,0,"Lambs",1998,200,2.05684889072663,49,"D",1
7437,"Males",2010,0,"Lambs",2010,1000,2.03856240907906,49,"A",0
4051,"Females",1998,0,"Lambs",1998,300,1.84225276207055,49,"D",1
7521,"Males",2010,0,"Lambs",2010,400,1.77831589077085,49,"F",0
9839,"Males",2014,0,"Lambs",2014,600,1.84908221272917,49,"A",1
3944,"Females",1998,0,"Lambs",1998,800,1.69931516422665,49,"C",0
7542,"Females",2010,0,"Lambs",2010,200,1.95345902743863,49,"H",1
4044,"Males",1998,0,"Lambs",1998,300,2.02840908319915,49,"C",0
4031,"Females",1998,0,"Lambs",1998,600,2.04663905991219,49,"C",0
4010,"Males",1998,0,"Lambs",1998,600,1.8426582025043,50,"D",0
9775,"Males",2014,0,"Lambs",2014,500,1.71471652142122,50,"G",1
5248,"Females",2002,0,"Lambs",2002,1600,1.80417837377101,50,"F",1
4035,"Males",1998,0,"Lambs",1998,200,1.92280051010342,50,"C",0
3880,"Females",1998,0,"Lambs",1998,1500,1.96104387640208,50,"D",0
3910,"Females",1998,0,"Lambs",1998,500,1.8205227651823,51,"F",0
7467,"Males",2010,0,"Lambs",2010,1500,2.28516314464717,51,"C",0
4061,"Males",1998,0,"Lambs",1998,300,1.96760106851757,51,"D",0
7541,"Males",2010,0,"Lambs",2010,1600,1.8618752761086,51,"C",0
7531,"Females",2010,0,"Lambs",2010,200,1.74477808904038,51,"D",0
9784,"Females",2014,0,"Lambs",2014,300,1.68314313153102,51,"E",1
7545,"Males",2010,0,"Lambs",2010,900,2.24137912123494,51,"H",0
3994,"Females",1998,0,"Lambs",1998,400,1.6092399387791,51,"D",0
7553,"Females",2010,0,"Lambs",2010,1400,1.94860769682498,51,"F",0
7491,"Females",2010,0,"Lambs",2010,300,1.77535751127827,51,"H",0
3980,"Males",1998,0,"Lambs",1998,1600,2.17110052927807,52,"C",0
7455,"Females",2010,0,"Lambs",2010,700,1.61676665201825,52,"A",1
9827,"Females",2014,0,"Lambs",2014,1300,1.41090069428362,52,"D",1
9897,"Males",2014,0,"Lambs",2014,300,1.79861958314072,52,"B",1
7515,"Females",2010,0,"Lambs",2010,1000,2.09140112947841,52,"H",0
7472,"Females",2010,0,"Lambs",2010,700,2.30055049081626,52,"A",1
3946,"Males",1998,0,"Lambs",1998,600,1.83685292102476,53,"A",0
3968,"Females",1998,0,"Lambs",1998,200,1.65675609965524,53,"C",1
7473,"Males",2010,0,"Lambs",2010,200,1.94594208034265,53,"E",0
4123,"Females",1998,0,"Lambs",1998,500,1.7849599303697,53,"G",0
7502,"Males",2010,0,"Lambs",2010,800,2.03123199179789,53,"H",0
7573,"Females",2010,0,"Lambs",2010,400,1.79309164826049,53,"C",1
7578,"Females",2010,0,"Lambs",2010,700,1.48946602234686,53,"B",0
3895,"Males",1998,0,"Lambs",1998,300,1.71355059605962,54,"H",0
7693,"Males",2010,0,"Lambs",2010,200,1.78753175876698,54,"A",0
4045,"Males",1998,0,"Lambs",1998,100,1.93885927635236,54,"B",0
7560,"Females",2010,0,"Lambs",2010,600,1.92726182528687,54,"G",1
7523,"Males",2010,0,"Lambs",2010,800,2.07382538645178,54,"B",0
3965,"Females",1998,0,"Lambs",1998,1500,2.03770445508448,54,"D",0
3936,"Females",1998,0,"Lambs",1998,400,1.81808988627965,54,"E",0
7447,"Females",2010,0,"Lambs",2010,600,2.11417538470287,55,"D",0
3907,"Males",1998,0,"Lambs",1998,1200,1.85547673675448,55,"E",0
7522,"Males",2010,0,"Lambs",2010,1100,1.83854696957095,55,"F",0
3990,"Females",1998,0,"Lambs",1998,700,1.49342709772079,55,"E",0
4013,"Females",1998,0,"Lambs",1998,700,2.02569323193822,55,"A",0
5066,"Males",2002,0,"Lambs",2002,1200,2.10747625458611,55,"H",1
7496,"Males",2010,0,"Lambs",2010,600,1.90003972254671,55,"H",1
9769,"Females",2014,0,"Lambs",2014,500,2.36056242743891,55,"B",1
7591,"Females",2010,0,"Lambs",2010,200,2.07828517662533,56,"B",0
7452,"Females",2010,0,"Lambs",2010,600,2.08147951362288,56,"E",0
7565,"Females",2010,0,"Lambs",2010,200,1.88896920720232,56,"A",1
4126,"Females",1998,0,"Lambs",1998,1000,1.52808699327123,56,"E",0
3945,"Females",1998,0,"Lambs",1998,600,1.87989944697687,56,"G",1
7544,"Males",2010,0,"Lambs",2010,600,2.56966627414266,56,"C",0
5157,"Males",2002,0,"Lambs",2002,900,1.97874889993728,56,"F",1
7490,"Females",2010,0,"Lambs",2010,200,1.94174934579507,57,"B",0
7529,"Females",2010,0,"Lambs",2010,200,2.06970569675468,57,"D",0
5111,"Females",2002,0,"Lambs",2002,1600,1.96214516146782,57,"F",1
7576,"Females",2010,0,"Lambs",2010,200,1.93375548039353,57,"G",1
7536,"Females",2010,0,"Lambs",2010,200,1.40960954150858,57,"A",0
4040,"Males",1998,0,"Lambs",1998,800,1.73911053939741,57,"H",0
7574,"Females",2010,0,"Lambs",2010,800,1.70801265658351,57,"A",1
7513,"Females",2010,0,"Lambs",2010,1800,2.04163787294948,57,"D",0
7537,"Males",2010,0,"Lambs",2010,400,1.67783844035833,57,"E",0
4122,"Females",1998,0,"Lambs",1998,300,1.61257080988691,57,"E",0
7483,"Females",2010,0,"Lambs",2010,1400,1.59628703110855,57,"G",0
9795,"Females",2014,0,"Lambs",2014,200,1.98576825922007,57,"E",1
3902,"Males",1998,0,"Lambs",1998,1200,1.70188428284591,58,"E",0
3949,"Males",1998,0,"Lambs",1998,600,2.29265570718953,58,"G",0
7558,"Females",2010,0,"Lambs",2010,700,1.36829913413623,58,"D",0
7512,"Females",2010,0,"Lambs",2010,100,1.41601799562129,59,"B",0
4001,"Males",1998,0,"Lambs",1998,300,1.83221846530336,59,"D",0
4062,"Females",1998,0,"Lambs",1998,200,1.87403325612733,59,"A",0
3908,"Females",1998,0,"Lambs",1998,1000,1.65843322963892,59,"F",0
4113,"Males",1998,0,"Lambs",1998,600,1.61904636121204,59,"G",0
4110,"Females",1998,0,"Lambs",1998,200,2.32834295952666,59,"D",0
5227,"Females",2002,0,"Lambs",2002,200,2.17454694352058,59,"F",0
3951,"Females",1998,0,"Lambs",1998,700,1.89217123056871,60,"B",0
5105,"Males",2002,0,"Lambs",2002,400,1.97394146761857,60,"C",1
4050,"Males",1998,0,"Lambs",1998,200,2.23994188190505,60,"D",0
4057,"Males",1998,0,"Lambs",1998,200,1.52213486338485,60,"F",0
3974,"Females",1998,0,"Lambs",1998,600,2.29599213623008,60,"D",0
3918,"Females",1998,0,"Lambs",1998,200,2.38952981352881,82,"A",0
3973,"Females",1998,0,"Lambs",1998,1800,2.35752272003581,82,"D",0
9809,"Males",2014,0,"Lambs",2014,600,2.07003666349275,82,"G",1
7580,"Males",2010,0,"Lambs",2010,400,1.64751722220194,82,"H",0
9840,"Males",2014,0,"Lambs",2014,600,2.27265566887607,82,"A",1
8361,"Males",2011,0,"Lambs",2011,900,2.29789751635417,61,"A",0
8351,"Females",2011,0,"Lambs",2011,2800,2.50599197009108,61,"F",0
5506,"Females",2003,0,"Lambs",2003,700,2.18485605244506,61,"G",1
6398,"Males",2006,0,"Lambs",2006,1400,2.12147709066258,61,"G",0
4159,"Males",1999,0,"Lambs",1999,200,2.00644081685064,61,"H",1
5468,"Males",2003,0,"Lambs",2003,600,1.63603893510447,61,"E",1
5482,"Females",2003,0,"Lambs",2003,200,2.63461585185957,61,"B",0
6396,"Females",2006,0,"Lambs",2006,300,2.09489513503804,61,"E",0
6346,"Males",2006,0,"Lambs",2006,200,1.81370041922143,61,"D",0
6349,"Females",2006,0,"Lambs",2006,600,2.06036664161961,61,"B",0
8325,"Males",2011,0,"Lambs",2011,2600,2.19533910197495,61,"C",0
8236,"Females",2011,0,"Lambs",2011,400,2.1034902128264,62,"B",0
8295,"Females",2011,0,"Lambs",2011,1100,1.82298440141512,62,"G",0
6454,"Females",2006,0,"Lambs",2006,200,1.78785716547172,62,"B",0
5595,"Females",2003,0,"Lambs",2003,200,1.84629640728728,62,"B",1
5604,"Females",2003,0,"Lambs",2003,0,1.74122696653827,62,"C",1
4261,"Females",1999,0,"Lambs",1999,100,1.82020285163461,62,"E",1
8277,"Females",2011,0,"Lambs",2011,2800,1.6588815962162,62,"B",0
4234,"Males",1999,0,"Lambs",1999,500,2.21223069975313,62,"D",1
6478,"Males",2006,0,"Lambs",2006,300,1.96850033315253,62,"E",0
6475,"Males",2006,0,"Lambs",2006,200,1.71854421530446,62,"G",0
8255,"Females",2011,0,"Lambs",2011,800,1.92975138580442,62,"F",0
6423,"Males",2006,0,"Lambs",2006,700,2.15657937429185,62,"G",0
6523,"Males",2006,0,"Lambs",2006,400,1.86969945718808,63,"C",0
5430,"Females",2003,0,"Lambs",2003,100,1.92764590843913,63,"B",1
6486,"Males",2006,0,"Lambs",2006,400,1.82806832623647,63,"C",1
8319,"Females",2011,0,"Lambs",2011,400,1.90710249513346,63,"D",0
4251,"Males",1999,0,"Lambs",1999,100,1.98028607057107,63,"F",1
8254,"Females",2011,0,"Lambs",2011,200,1.19049334010265,63,"A",0
5552,"Females",2003,0,"Lambs",2003,400,1.64362584217655,63,"C",1
8507,"Males",2011,0,"Lambs",2011,400,1.78840901052323,63,"D",0
8263,"Males",2011,0,"Lambs",2011,1400,2.2441949270337,63,"E",0
4316,"Females",1999,0,"Lambs",1999,1400,2.02284833786005,63,"G",1
8327,"Females",2011,0,"Lambs",2011,900,1.6448025635438,63,"G",1
6447,"Males",2006,0,"Lambs",2006,200,1.66706032798204,64,"F",0
6453,"Males",2006,0,"Lambs",2006,600,1.9923732610463,64,"G",0
8318,"Females",2011,0,"Lambs",2011,900,2.01043434366883,64,"A",0
5444,"Females",2003,0,"Lambs",2003,0,1.65655527887069,64,"F",1
5446,"Females",2003,0,"Lambs",2003,100,2.00556429368001,64,"B",1
5494,"Males",2003,0,"Lambs",2003,200,2.09604239768577,64,"C",1
8285,"Females",2011,0,"Lambs",2011,200,2.0853867581099,64,"D",0
6340,"Males",2006,0,"Lambs",2006,200,2.21516131281609,64,"H",0
5502,"Males",2003,0,"Lambs",2003,0,1.79461845329288,64,"G",1
6403,"Males",2006,0,"Lambs",2006,400,2.48854626343927,65,"A",0
6348,"Females",2006,0,"Lambs",2006,200,2.00771819924461,65,"D",1
8303,"Females",2011,0,"Lambs",2011,300,1.83845363267706,65,"E",0
6368,"Males",2006,0,"Lambs",2006,800,1.96358612780609,65,"H",0
4240,"Females",1999,0,"Lambs",1999,300,1.77483387923275,65,"D",1
6489,"Males",2006,0,"Lambs",2006,600,1.48736278189977,65,"E",0
4172,"Males",1999,0,"Lambs",1999,1200,2.03551541071234,65,"D",1
5543,"Females",2003,0,"Lambs",2003,200,2.37097547556879,65,"G",1
5631,"Females",2003,0,"Lambs",2003,400,1.99979247848489,65,"C",1
5474,"Females",2003,0,"Lambs",2003,200,1.86113279683363,65,"H",0
6464,"Males",2006,0,"Lambs",2006,600,2.15949735489229,66,"D",0
4193,"Females",1999,0,"Lambs",1999,100,2.11406158140525,66,"E",1
6506,"Males",2006,0,"Lambs",2006,2200,2.18360021092391,66,"F",0
8231,"Males",2011,0,"Lambs",2011,1500,2.04740217837666,66,"G",0
8257,"Females",2011,0,"Lambs",2011,200,2.11721641067254,66,"B",0
5485,"Females",2003,0,"Lambs",2003,800,2.15566081651052,66,"C",1
4310,"Females",1999,0,"Lambs",1999,900,2.36055047292773,66,"G",1
6520,"Males",2006,0,"Lambs",2006,1400,2.18772002971023,66,"H",0
4237,"Males",1999,0,"Lambs",1999,200,1.76184204163845,66,"B",1
6446,"Females",2006,0,"Lambs",2006,500,2.40792518962829,67,"B",0
6488,"Females",2006,0,"Lambs",2006,400,1.88319399969739,67,"D",1
4161,"Females",1999,0,"Lambs",1999,200,1.80348675359234,67,"H",1
4212,"Females",1999,0,"Lambs",1999,300,2.06770793480134,67,"B",1
5527,"Males",2003,0,"Lambs",2003,200,2.32098635647356,67,"C",1
5542,"Females",2003,0,"Lambs",2003,600,2.03172381594568,67,"H",1
4260,"Males",1999,0,"Lambs",1999,200,1.83373152575385,67,"H",1
5562,"Females",2003,0,"Lambs",2003,100,2.2241377751067,67,"H",1
8283,"Females",2011,0,"Lambs",2011,100,1.74907209076058,67,"D",0
6409,"Females",2006,0,"Lambs",2006,300,1.78339851568029,67,"H",1
8300,"Females",2011,0,"Lambs",2011,600,1.85232766681173,67,"C",0
5458,"Males",2003,0,"Lambs",2003,0,2.22144567144777,67,"E",1
4227,"Females",1999,0,"Lambs",1999,1000,1.93561968298207,68,"B",1
4243,"Females",1999,0,"Lambs",1999,200,1.91691983901106,68,"H",1
8246,"Males",2011,0,"Lambs",2011,1000,1.51021527088668,68,"F",0
4218,"Males",1999,0,"Lambs",1999,400,1.74068559174059,68,"G",1
5615,"Females",2003,0,"Lambs",2003,100,1.51486562858419,68,"D",0
4244,"Females",1999,0,"Lambs",1999,100,2.03505223624898,68,"F",1
5421,"Females",2003,0,"Lambs",2003,100,1.6526233433786,68,"D",1
4262,"Males",1999,0,"Lambs",1999,200,2.08223549420734,68,"A",1
8493,"Females",2011,0,"Lambs",2011,600,2.33052886948944,68,"B",0
4164,"Males",1999,0,"Lambs",1999,400,2.19217055955973,69,"A",1
8259,"Males",2011,0,"Lambs",2011,400,2.4145456482181,69,"E",0
4179,"Males",1999,0,"Lambs",1999,400,1.94148300843204,69,"F",1
4158,"Females",1999,0,"Lambs",1999,500,2.0522425734271,69,"G",1
4205,"Males",1999,0,"Lambs",1999,2400,2.43510075078924,69,"A",1
8258,"Females",2011,0,"Lambs",2011,0,1.8289793861763,69,"B",1
4195,"Females",1999,0,"Lambs",1999,500,1.7293131056126,69,"D",1
4309,"Females",1999,0,"Lambs",1999,400,2.06069956265741,69,"A",1
4259,"Females",1999,0,"Lambs",1999,1200,2.16595029512605,69,"B",1
6473,"Females",2006,0,"Lambs",2006,200,1.893784284227,69,"C",0
8252,"Males",2011,0,"Lambs",2011,1300,2.20766729233588,69,"E",0
6526,"Males",2006,0,"Lambs",2006,200,2.00201000322659,69,"F",0
6527,"Males",2006,0,"Lambs",2006,500,1.69739520864797,69,"E",0
8284,"Males",2011,0,"Lambs",2011,1000,2.14305061484014,69,"E",0
6503,"Males",2006,0,"Lambs",2006,1000,1.98360039488829,70,"A",0
8229,"Males",2011,0,"Lambs",2011,1200,1.85042659766273,70,"H",0
4183,"Females",1999,0,"Lambs",1999,300,1.98451856700046,70,"F",1
8359,"Males",2011,0,"Lambs",2011,200,1.60736812978374,70,"G",0
4185,"Males",1999,0,"Lambs",1999,400,1.6111218707931,70,"H",1
8353,"Males",2011,0,"Lambs",2011,1600,1.97735099414823,70,"D",0
4239,"Females",1999,0,"Lambs",1999,600,1.39100248474127,70,"F",1
5648,"Females",2003,0,"Lambs",2003,300,1.69131257948948,70,"G",1
4173,"Males",1999,0,"Lambs",1999,1300,2.18211825606177,70,"B",1
5526,"Females",2003,0,"Lambs",2003,0,2.07031130972393,70,"G",1
4155,"Females",1999,0,"Lambs",1999,800,2.03504203343285,71,"F",1
6459,"Females",2006,0,"Lambs",2006,200,2.04443032757768,71,"G",1
6380,"Females",2006,0,"Lambs",2006,200,1.62602875235477,71,"B",0
8301,"Females",2011,0,"Lambs",2011,1000,1.40342043582647,71,"D",0
5442,"Males",2003,0,"Lambs",2003,500,1.88611898655678,71,"E",1
4257,"Females",1999,0,"Lambs",1999,600,1.81982218098319,71,"F",1
6522,"Females",2006,0,"Lambs",2006,1200,1.98887244023949,71,"G",0
4201,"Males",1999,0,"Lambs",1999,200,1.89969740939397,71,"A",0
5493,"Males",2003,0,"Lambs",2003,300,1.9655228539322,71,"G",1
4250,"Females",1999,0,"Lambs",1999,600,1.87784290065965,96,"A",1
4207,"Males",1999,0,"Lambs",1999,400,1.97239399336507,71,"B",0
8271,"Males",2011,0,"Lambs",2011,1000,1.64983180218459,71,"E",0
4150,"Males",1999,0,"Lambs",1999,500,1.96429861727429,71,"G",0
4253,"Males",1999,0,"Lambs",1999,500,2.4047950604919,72,"A",0
5537,"Males",2003,0,"Lambs",2003,200,1.63151202567436,72,"A",0
4208,"Males",1999,0,"Lambs",1999,400,1.73381708654287,72,"E",NA
5658,"Females",2003,0,"Lambs",2003,1200,2.08527068156423,72,"G",0
5627,"Males",2003,0,"Lambs",2003,200,2.05067025713492,72,"A",1
4231,"Females",1999,0,"Lambs",1999,600,1.60018036580418,72,"E",0
5516,"Males",2003,0,"Lambs",2003,700,1.49147209525828,72,"H",1
8463,"Females",2011,0,"Lambs",2011,800,2.00441251392782,72,"C",0
5555,"Females",2003,0,"Lambs",2003,1200,1.85126364448095,72,"D",1
6458,"Males",2006,0,"Lambs",2006,2400,2.16207613418362,72,"G",0
5439,"Females",2003,0,"Lambs",2003,700,1.90621380904654,72,"G",1
4223,"Females",1999,0,"Lambs",1999,300,1.84461014261463,73,"E",1
8237,"Females",2011,0,"Lambs",2011,300,1.85008535318743,73,"B",0
5486,"Females",2003,0,"Lambs",2003,0,1.60442554798011,73,"E",1
8302,"Females",2011,0,"Lambs",2011,900,2.21170403929279,73,"G",0
8289,"Females",2011,0,"Lambs",2011,200,1.62776129184577,73,"B",0
6402,"Males",2006,0,"Lambs",2006,400,1.65357805344801,73,"E",0
6525,"Females",2006,0,"Lambs",2006,200,1.94001483125207,73,"F",1
5531,"Females",2003,0,"Lambs",2003,0,1.66348477085357,73,"G",1
4168,"Males",1999,0,"Lambs",1999,100,1.956060050801,73,"B",1
6399,"Males",2006,0,"Lambs",2006,1000,2.29916807387336,74,"G",0
4206,"Males",1999,0,"Lambs",1999,1000,2.10249112996155,74,"B",1
8314,"Males",2011,0,"Lambs",2011,4400,1.69564802645233,74,"E",0
6482,"Males",2006,0,"Lambs",2006,800,1.64079090175636,74,"H",0
6445,"Females",2006,0,"Lambs",2006,200,1.66258158779758,74,"G",0
8304,"Males",2011,0,"Lambs",2011,700,1.57807848761346,74,"C",1
5554,"Females",2003,0,"Lambs",2003,0,2.17062472443611,75,"F",1
5447,"Females",2003,0,"Lambs",2003,400,2.34567679880452,75,"G",1
8308,"Males",2011,0,"Lambs",2011,1100,1.63054723405937,75,"D",0
6412,"Males",2006,0,"Lambs",2006,600,2.13233353126133,75,"E",0
8220,"Males",2011,0,"Lambs",2011,1600,2.1338692324889,75,"G",0
6518,"Males",2006,0,"Lambs",2006,300,1.76594988845357,75,"C",0
5606,"Females",2003,0,"Lambs",2003,100,1.83342647073328,75,"D",1
6418,"Males",2006,0,"Lambs",2006,400,0.981136318252012,75,"E",0
8213,"Females",2011,0,"Lambs",2011,400,1.95627363349293,75,"F",0
8276,"Males",2011,0,"Lambs",2011,1200,1.52328748044796,75,"G",0
4315,"Males",1999,0,"Lambs",1999,200,1.93912188324588,76,"C",0
4266,"Females",1999,0,"Lambs",1999,1200,1.40424910664764,76,"A",1
5520,"Females",2003,0,"Lambs",2003,600,2.2788361789005,76,"B",1
5491,"Females",2003,0,"Lambs",2003,200,1.62432255035328,76,"B",1
6483,"Males",2006,0,"Lambs",2006,400,1.63838065931439,76,"G",0
6487,"Females",2006,0,"Lambs",2006,400,1.25513335097903,77,"E",0
5547,"Females",2003,0,"Lambs",2003,200,1.42700413346912,77,"F",1
4232,"Females",1999,0,"Lambs",1999,800,1.91588271950931,77,"H",1
5490,"Females",2003,0,"Lambs",2003,200,2.1943323232078,77,"C",1
6391,"Females",2006,0,"Lambs",2006,2000,1.81413923672876,77,"F",0
4314,"Females",1999,0,"Lambs",1999,200,2.59808378724634,78,"A",1
8299,"Males",2011,0,"Lambs",2011,1400,2.17971611107065,78,"E",0
4229,"Males",1999,0,"Lambs",1999,1500,1.81401832372297,78,"A",1
6347,"Males",2006,0,"Lambs",2006,600,2.04416294279521,78,"B",0
4153,"Females",1999,0,"Lambs",1999,600,1.42133759097347,78,"F",1
8265,"Females",2011,0,"Lambs",2011,200,1.90531125407574,78,"D",1
4241,"Females",1999,0,"Lambs",1999,100,2.07769902581326,78,"A",1
4313,"Females",1999,0,"Lambs",1999,2200,2.00108200776244,78,"C",1
5597,"Females",2003,0,"Lambs",2003,200,2.17795447089106,78,"D",1
4318,"Males",1999,0,"Lambs",1999,900,2.24931107563452,78,"B",1
8269,"Females",2011,0,"Lambs",2011,800,1.55393734812489,78,"E",0
6405,"Females",2006,0,"Lambs",2006,600,1.93934804060433,78,"H",0
8278,"Males",2011,0,"Lambs",2011,3800,1.84676883082018,78,"G",0
5535,"Females",2003,0,"Lambs",2003,100,2.40635930102451,79,"D",1
5626,"Females",2003,0,"Lambs",2003,400,1.79749469377241,79,"E",1
5489,"Males",2003,0,"Lambs",2003,400,1.79709060208302,79,"H",0
6406,"Females",2006,0,"Lambs",2006,800,1.74208809311036,79,"B",1
4190,"Females",1999,0,"Lambs",1999,200,2.06078439855778,79,"D",1
5630,"Males",2003,0,"Lambs",2003,400,2.13844932743695,79,"F",0
5528,"Females",2003,0,"Lambs",2003,400,2.13374932065538,79,"H",1
5480,"Males",2003,0,"Lambs",2003,800,1.72587427207098,79,"A",1
4225,"Males",1999,0,"Lambs",1999,500,1.48813220078907,79,"C",0
4317,"Females",1999,0,"Lambs",1999,600,1.77384009196343,79,"F",1
5443,"Females",2003,0,"Lambs",2003,200,2.05203151979047,79,"H",1
6460,"Males",2006,0,"Lambs",2006,600,1.76278589651676,79,"B",0
4255,"Females",1999,0,"Lambs",1999,1500,1.5541923139789,79,"E",1
8238,"Females",2011,0,"Lambs",2011,3000,2.19624072633025,79,"G",0
8281,"Females",2011,0,"Lambs",2011,200,1.89544227994897,79,"H",0
5652,"Females",2003,0,"Lambs",2003,0,1.8621721162873,79,"F",1
5671,"Females",2003,0,"Lambs",2003,1000,1.8765804401514,79,"H",0
8267,"Males",2011,0,"Lambs",2011,300,2.19450659932708,80,"A",0
8280,"Females",2011,0,"Lambs",2011,200,1.85686257142832,80,"F",0
8239,"Males",2011,0,"Lambs",2011,900,1.93597444072367,80,"A",0
4258,"Females",1999,0,"Lambs",1999,300,1.93828152103299,80,"C",1
8345,"Females",2011,0,"Lambs",2011,1000,1.67976737736265,80,"A",0
4256,"Females",1999,0,"Lambs",1999,200,1.24029419767648,80,"H",1
5483,"Females",2003,0,"Lambs",2003,200,1.91146954887218,80,"E",1
8247,"Males",2011,0,"Lambs",2011,700,1.85850563011736,80,"F",0
8256,"Females",2011,0,"Lambs",2011,400,2.00282411159402,82,"D",0
8296,"Females",2011,0,"Lambs",2011,700,2.27420431137708,82,"H",0
6439,"Males",2006,0,"Lambs",2006,600,1.62070815538906,82,"B",0
8324,"Males",2011,0,"Lambs",2011,600,1.8871298320704,82,"C",0
8346,"Males",2011,0,"Lambs",2011,1200,1.93138732289427,82,"D",0
5471,"Females",2003,0,"Lambs",2003,200,1.79924897462911,82,"F",1
6719,"Males",2007,0,"Lambs",2007,200,2.91286053004553,96,"D",1
6691,"Females",2007,0,"Lambs",2007,200,2.1322370229152,83,"A",1
4635,"Females",2001,0,"Lambs",2001,400,1.815552372971,83,"B",1
6773,"Males",2007,0,"Lambs",2007,500,1.91702469493742,83,"D",0
7326,"Males",2009,0,"Lambs",2009,100,1.61005690999804,83,"E",1
6608,"Females",2007,0,"Lambs",2007,500,1.97131189605641,83,"G",1
7185,"Females",2009,0,"Lambs",2009,1000,2.10887672205751,83,"H",1
4625,"Females",2001,0,"Lambs",2001,200,1.57405323433855,83,"A",0
6596,"Males",2007,0,"Lambs",2007,400,1.76511872069244,83,"B",0
6649,"Males",2007,0,"Lambs",2007,800,1.47838939344423,83,"E",0
7153,"Males",2009,0,"Lambs",2009,2100,1.60444151745417,83,"F",0
7249,"Females",2009,0,"Lambs",2009,1400,1.74351818314079,83,"G",0
4582,"Males",2001,0,"Lambs",2001,2000,2.08372618712631,83,"B",0
6590,"Males",2007,0,"Lambs",2007,300,2.07452485540574,83,"A",0
7173,"Males",2009,0,"Lambs",2009,500,1.71511469980824,83,"B",1
8790,"Females",2012,0,"Lambs",2012,200,1.80257962508424,83,"E",1
7238,"Males",2009,0,"Lambs",2009,1000,1.98709267455536,83,"C",1
7182,"Males",2009,0,"Lambs",2009,1600,2.58388215307501,84,"A",0
7205,"Females",2009,0,"Lambs",2009,200,1.96465093649716,84,"D",1
6617,"Females",2007,0,"Lambs",2007,300,1.64149395022819,84,"B",1
6565,"Males",2007,0,"Lambs",2007,200,1.8528495247986,84,"E",1
4674,"Females",2001,0,"Lambs",2001,200,2.10546051732414,84,"H",0
7156,"Males",2009,0,"Lambs",2009,500,1.74238862882616,84,"F",1
4571,"Males",2001,0,"Lambs",2001,100,2.05927445944932,84,"G",0
6656,"Females",2007,0,"Lambs",2007,400,2.22969233420258,84,"A",1
6636,"Males",2007,0,"Lambs",2007,600,1.64712503803883,84,"H",0
6620,"Males",2007,0,"Lambs",2007,600,2.04705059879269,84,"A",1
7262,"Females",2009,0,"Lambs",2009,600,2.52314303360503,84,"B",1
7164,"Males",2009,0,"Lambs",2009,300,1.82044053360808,84,"G",0
6635,"Females",2007,0,"Lambs",2007,500,2.21659507888027,85,"F",0
8731,"Females",2012,0,"Lambs",2012,200,1.88615567950045,85,"D",1
6584,"Females",2007,0,"Lambs",2007,100,1.88449805560572,85,"A",0
6577,"Males",2007,0,"Lambs",2007,200,1.910553111972,85,"H",1
7248,"Males",2009,0,"Lambs",2009,600,1.89224827337051,85,"C",0
7139,"Males",2009,0,"Lambs",2009,900,2.31321307273165,85,"F",1
6022,"Females",2004,0,"Lambs",2004,300,2.64589678612604,85,"G",0
5905,"Males",2004,0,"Lambs",2004,900,1.86079900965386,85,"F",0
5814,"Females",2004,0,"Lambs",2004,300,2.32296841980542,85,"B",0
5775,"Females",2004,0,"Lambs",2004,600,2.13691564545555,85,"E",0
7053,"Females",2008,0,"Lambs",2008,400,2.09913895742018,85,"G",1
5894,"Males",2004,0,"Lambs",2004,600,2.11246556483478,86,"C",0
5920,"Males",2004,0,"Lambs",2004,400,1.75457686322832,86,"D",0
4466,"Males",2000,0,"Lambs",2000,400,1.99466919578137,86,"E",1
5796,"Females",2004,0,"Lambs",2004,800,1.89930038104617,86,"F",0
4389,"Males",2000,0,"Lambs",2000,900,1.74810678168172,86,"C",0
4435,"Males",2000,0,"Lambs",2000,500,2.01016893055898,86,"G",0
5827,"Males",2004,0,"Lambs",2004,600,2.48556466572522,86,"H",0
6166,"Males",2005,0,"Lambs",2005,2100,1.93031679391325,86,"A",0
6028,"Females",2004,0,"Lambs",2004,800,1.53323270421556,86,"H",0
7060,"Males",2008,0,"Lambs",2008,300,1.93121437262402,86,"D",0
4465,"Females",2000,0,"Lambs",2000,500,2.1521926727661,87,"A",1
5877,"Males",2004,0,"Lambs",2004,3500,1.9287360826605,87,"B",0
6196,"Females",2005,0,"Lambs",2005,600,1.78149765841533,87,"C",1
4509,"Females",2000,0,"Lambs",2000,400,1.74743916668936,87,"E",0
4343,"Males",2000,0,"Lambs",2000,100,1.84380212417993,87,"B",1
5978,"Males",2004,0,"Lambs",2004,200,1.76727270866031,87,"F",0
5843,"Males",2004,0,"Lambs",2004,2800,1.82726048641632,87,"G",0
4393,"Males",2000,0,"Lambs",2000,700,1.82906011644315,87,"C",1
3937,"Females",1998,0,"Lambs",1998,800,2.24894237208326,87,"C",0
5067,"Males",2002,0,"Lambs",2002,800,1.70275684948114,87,"F",1
4053,"Females",1998,0,"Lambs",1998,400,2.24589500736833,88,"A",0
4015,"Males",1998,0,"Lambs",1998,600,1.96963831550865,88,"C",0
3909,"Females",1998,0,"Lambs",1998,400,1.86874838592519,88,"E",0
4115,"Females",1998,0,"Lambs",1998,500,1.96623000563491,88,"H",0
4032,"Females",1998,0,"Lambs",1998,1600,1.76834015357704,88,"D",0
7577,"Females",2010,0,"Lambs",2010,200,2.00627503746656,88,"H",0
7444,"Males",2010,0,"Lambs",2010,700,2.01848662069329,88,"A",0
7457,"Males",2010,0,"Lambs",2010,2900,2.10661791514065,88,"C",0
7524,"Females",2010,0,"Lambs",2010,300,1.48306098020017,88,"A",0
3977,"Males",1998,0,"Lambs",1998,300,2.04995746913317,88,"A",0
4074,"Males",1998,0,"Lambs",1998,200,2.05417111751923,88,"G",0
4124,"Males",1998,0,"Lambs",1998,200,1.59566864583414,89,"D",0
7559,"Males",2010,0,"Lambs",2010,700,1.79528114827955,89,"E",1
4125,"Females",1998,0,"Lambs",1998,600,1.86422366524901,89,"F",0
3914,"Females",1998,0,"Lambs",1998,600,1.54112564824071,89,"G",0
3879,"Males",1998,0,"Lambs",1998,2800,2.42138494683412,90,"A",0
5107,"Females",2002,0,"Lambs",2002,0,1.97564341091716,90,"C",1
4108,"Females",1998,0,"Lambs",1998,1400,2.24762210671398,90,"D",0
4004,"Females",1998,0,"Lambs",1998,400,2.00605268254529,90,"D",1
4121,"Females",1998,0,"Lambs",1998,100,1.76665948661543,90,"A",1
3894,"Females",1998,0,"Lambs",1998,400,1.64503819297652,90,"E",0
3901,"Males",1998,0,"Lambs",1998,1600,1.82999426099853,90,"E",0
3921,"Males",1998,0,"Lambs",1998,2400,1.44917514618754,90,"G",0
4118,"Males",1998,0,"Lambs",1998,200,1.9278826688452,91,"H",NA
5226,"Females",2002,0,"Lambs",2002,600,2.15195493125924,91,"D",1
8307,"Males",2011,0,"Lambs",2011,2800,2.2922786165883,91,"E",0
5510,"Females",2003,0,"Lambs",2003,100,1.72057067848538,91,"G",1
4217,"Females",1999,0,"Lambs",1999,600,1.93377088355175,91,"E",1
5634,"Females",2003,0,"Lambs",2003,400,1.73450889456551,91,"F",1
6443,"Males",2006,0,"Lambs",2006,600,2.25270287486963,91,"A",0
6392,"Males",2006,0,"Lambs",2006,2400,2.59548121766537,91,"C",0
4176,"Males",1999,0,"Lambs",1999,400,1.85055852935514,91,"H",1
4215,"Females",1999,0,"Lambs",1999,600,2.58201197291824,92,"B",0
4209,"Males",1999,0,"Lambs",1999,200,1.75911542305137,92,"E",1
5523,"Females",2003,0,"Lambs",2003,200,1.81672494541192,92,"B",1
5500,"Males",2003,0,"Lambs",2003,0,1.79877401786476,92,"F",1
5536,"Males",2003,0,"Lambs",2003,400,1.95176441030361,92,"F",1
4151,"Females",1999,0,"Lambs",1999,1000,2.14416903317783,92,"G",1
4210,"Males",1999,0,"Lambs",1999,900,1.92294145315168,92,"G",1
6479,"Males",2006,0,"Lambs",2006,1800,2.00148851550598,93,"A",1
6521,"Males",2006,0,"Lambs",2006,600,1.59157238316051,93,"A",0
4166,"Females",1999,0,"Lambs",1999,500,1.53776657928085,93,"H",1
8297,"Males",2011,0,"Lambs",2011,1600,1.6812232897464,93,"B",0
4216,"Males",1999,0,"Lambs",1999,200,1.57083324473237,93,"H",1
